Agent Prompts,News Coverage,Intent ,Sensationalism ,Stance,Title vs Body,Context Veracity,Average Performance,Standard Deviation
Simple Prompt,0.7,0.7,0.6,0.65,0.8,0.35,0.6333333333,0.1538397435
COT,0.9,0.7,0.85,0.5,0.9,0.7,0.7583333333,0.1562583331
COT + Function Calling,0.8,0.8,0.9,0.55,0.85,0.7,0.7666666667,0.1251665557
COT + Few Shot + Function Calling,0.85,0.85,0.8,0.55,0.85,0.7,0.7666666667,0.1211060142
FCOT,0.85,0.7,0.75,0.4,0.9,0.6,0.7,0.1816590212
FCOT+Function Calling,0.75,0.8,0.4,0.55,0.85,0.75,0.6833333333,0.1722401424
FCOT+ Few Shot + Function Calling,0.85,0.75,0.75,0.6,0.85,0.7,0.75,0.09486832981